Product,Symbol,Expiration Date,Price
VX,VX22/K4,2024-05-29,13.125
VX,VX23/M4,2024-06-05,13.275
VX,VX24/M4,2024-06-12,13.40
VX,VX/M4,2024-06-18,13.7256
VX,VX26/M4,2024-06-26,14.40
VX,VX27/N4,2024-07-03,14.40
VX,VX/N4,2024-07-17,14.5635
VX,VX/Q4,2024-08-21,15.1755
VX,VX/U4,2024-09-18,15.6498
VX,VX/V4,2024-10-16,17.9105
VX,VX/X4,2024-11-20,16.9675
VX,VX/Z4,2024-12-18,17.0162
VX,VX/F5,2025-01-22,17.625
VX,VX/G5,2025-02-19,17.975
VXM,VXM/M4,2024-06-18,13.7256
VXM,VXM/N4,2024-07-17,14.5635
VXM,VXM/Q4,2024-08-21,15.1755
VXM,VXM/U4,2024-09-18,15.6498
VXM,VXM/V4,2024-10-16,17.9105
VXM,VXM/X4,2024-11-20,16.9675
IBHY,IBHY/M4,2024-06-03,154.455
IBHY,IBHY/N4,2024-07-01,156.951
IBHY,IBHY/Q4,2024-08-01,156.951
IBHY,IBHY/U4,2024-09-03,156.52
IBIG,IBIG/M4,2024-06-03,130.785
IBIG,IBIG/N4,2024-07-01,131.794
IBIG,IBIG/Q4,2024-08-01,131.794
IBIG,IBIG/U4,2024-09-03,132.49
AMB1,AMB1/K4,2024-06-03,9666.00
AMB1,AMB1/M4,2024-07-01,9675.75
AMT1,AMT1/M4,2024-06-17,9687.50
AMT1,AMT1/N4,2024-07-15,9695.00
AMT3,AMT3/M4,2024-06-17,9676.00
